,npmi,diversity,wetc
0,0.08076337614318288,0.74,0.7134763027935046
1,0.055639256849764805,0.78,0.7235412898209219
2,0.11272668749584969,0.79,0.6821267558158259
