,npmi,diversity,wetc
0,0.08444719798044298,0.9,0.6705727295081474
1,-0.0054641873007527375,0.84,0.694661329977903
2,0.0243650741705723,0.86,0.6710207311854598
