,npmi,diversity,wetc
0,0.06492917205081923,0.7133333333333334,0.6858251240641696
1,0.017116561664524434,0.7,0.7738367058909673
2,0.06277348243074134,0.7533333333333333,0.7362562535558214
