,npmi,diversity,wetc
0,-0.08140139216990334,0.8333333333333334,0.6743933848675597
