,npmi,diversity,wetc
0,0.02664520936086881,0.85,0.7660531670055086
